wage,gender,education,experience
27.483570765056164,Male,11.269356897375783,9.582810151048196
19.308678494144075,Female,12.369360611729817,2.7517739015073497
28.23844269050346,Male,9.305747420940607,5.3907009343734344
27.61514928204013,Female,10.056771922978697,4.980213139592507
23.829233126383322,Male,14.400827815888851,11.03633664699472
23.8293152152541,Male,10.686211442057209,10.346721685181253
32.896064077536955,Male,9.90617803463612,6.391312233313734
28.837173645764544,Male,13.073305505054572,10.88410436069699
17.65262807032524,Female,14.371408309325993,7.266599577063673
27.712800217929825,Male,13.437906621330134,8.641724448369734
17.682911535937688,Female,13.992095371611633,18.367260451492683
22.671351232148716,Male,10.486409822861079,16.70230525895174
26.20981135783017,Male,9.156378666516312,3.502093815362012
15.43359877671101,Male,15.002667303910973,14.148662089395874
11.375410837434837,Female,11.354640322315728,14.05698277245796
22.188562353795135,Male,11.498333967089906,4.2586835562369085
14.93584439832788,Female,14.656388283698115,14.093888218774303
21.571236662976368,Female,13.11246001880132,17.689659592062764
15.459879622393945,Female,12.911775544163214,4.387275968777931
12.938481493323543,Female,16.330004689802166,5.412485894928682
27.32824384460777,Female,10.712963539239714,15.088307334217513
18.871118497567323,Female,13.855680256162474,11.35747655412824
20.33764102343962,Female,12.114026249794168,12.757381376197616
12.876259068932717,Female,12.537184557726514,11.702946082002484
17.278086377374088,Female,15.056936852825064,11.953479604640721
25.55461294854933,Male,13.015671512579248,3.3676393584445847
19.245032112888488,Male,13.076592158099267,15.236588533107241
26.87849009172836,Male,14.145014674619604,15.847949962138868
21.996806550405974,Male,11.27009454091423,8.85304627965986
23.541531251033618,Male,10.321580665321987,9.782615250930688
16.991466938853016,Female,9.910381611957932,2.3444624872213895
29.261390922544688,Female,8.067286821247997,12.571273780089175
19.93251387631033,Female,16.112414259880644,12.860287208570721
14.711445355220498,Female,9.793583268556635,9.689044915003445
24.112724560515943,Female,11.557492752828455,15.621766799352514
13.895781750144888,Female,11.446373400222159,8.329613845100297
21.044317975023777,Female,12.614813395618201,12.823029629468001
15.201649380601122,Male,13.631474425078594,4.901678306539422
18.359069755507846,Male,13.72094697671949,9.88223924562881
25.984306179345616,Male,10.833845122862122,9.128228710485821
28.692332899977053,Male,11.665756572427178,11.126539610204707
20.85684140594985,Female,12.5651599009766,8.152365355833208
19.421758588058797,Female,11.502617747632906,9.34263702164166
18.494481522053555,Female,15.214691152039986,14.13023585720753
17.607390048162863,Male,12.981949903276503,7.8161788138089126
16.400778958026457,Female,13.469755572099634,1.9671144963066034
17.696806145201062,Female,13.325762537334825,18.747919521027104
25.285611131094576,Female,14.34694771497065,16.907270393452432
26.71809144784231,Male,12.362043117407413,3.538686524471907
11.18479922318633,Female,9.406336104088307,13.448539026225973
26.620419846973974,Male,12.799375903505283,7.485126147243284
23.074588597918417,Male,10.697286212416342,11.317436076655298
21.615389998470206,Male,10.942766636500487,11.471120645067469
28.05838144420434,Male,13.172728037510186,8.82796099841839
25.154997612479754,Female,14.476566142867272,6.081171672068018
29.656400595580994,Male,12.042543153472124,6.547294738418703
20.803912383886807,Male,12.617666025197927,5.419040422593787
18.453938120743928,Female,15.404429889270476,5.840888958847776
21.65631715701782,Female,12.481506358977137,9.664108549753223
29.877725635611796,Male,17.20336622836079,6.421200054446241
17.60412881077355,Female,13.131019291263089,13.4102603285631
24.071705116680914,Male,8.478474481688364,17.436230776679636
19.46832512996986,Male,13.506683242209064,7.099733793149785
19.018966879596647,Male,12.762316769765555,11.197022502676885
29.062629111970992,Male,14.579505508165491,12.49842555151467
26.781200142854114,Female,13.346362702539917,12.360011354596372
24.63994939209833,Male,11.723088032032452,10.379776339580436
25.01766448946012,Female,9.551403527421268,13.713412091798611
21.80818012523817,Female,11.581953485427949,12.411244763403285
16.77440122697438,Female,10.2989590915814,3.811687888363511
21.80697802754207,Female,10.838953100390555,14.345780321946366
32.690182832329846,Male,13.17715680884122,14.43645418633371
19.820869804450243,Female,15.339809008702812,6.183569479107092
32.82321827907003,Male,12.789343059645962,10.18968917723801
6.901274479551278,Female,9.608233875929631,13.416644964055347
24.10951252187612,Female,12.88920533644028,8.953430902103193
25.435235341190857,Male,14.393262973291302,15.364890238830059
23.504963247670663,Male,10.780434191361236,21.819362473096803
25.45880388267751,Male,11.731965666654165,6.0700698368250885
10.062155426995536,Female,12.029376389458394,3.0947769842311255
18.90164056081244,Female,10.43020337383552,11.519092978024378
26.78556285755873,Male,13.296560867687718,13.607812525630717
32.389470223707576,Male,11.758103702784437,8.845668130776154
22.40864890863176,Male,12.839064887814056,17.26630331660517
20.95753198553406,Male,10.2250156443958,3.306971001383756
17.491214782077318,Female,11.12508339935318,13.464593115158056
29.57701058851037,Male,13.444762715655543,6.970695896205533
26.643755548298422,Male,11.254333695816467,18.59688953103648
22.351198981164806,Male,15.45392770246681,19.96257676584059
27.56633716556678,Male,11.200727628770796,6.1667170610832605
20.4853877467402,Female,12.449369451503772,7.2522143204570995
29.843224952664446,Male,13.86518166374618,14.29793943489901
16.489734530613237,Female,9.163268534133937,8.064346751052426
23.361689267011158,Male,8.478382376038448,9.772943910338808
23.039459234339212,Male,8.94868737085981,10.12694210271205
12.682425259339407,Female,14.525168206854364,0.4016342190117186
26.48060138532288,Male,10.896283708215107,9.930811269528814
21.305276360899448,Female,17.116398571336504,6.5513611296791305
20.025567283212304,Female,10.871504802685223,7.53438588800114
23.827064333124266,Male,12.369102606394074,17.21816001734407
12.92314628974793,Female,15.08421990513575,3.717465528603718
17.896773386173205,Female,16.012185776318248,14.066025933739887
18.286427417366152,Female,16.123007153272795,8.605185348340957
15.988613653891905,Female,14.416732461186285,8.601199157520828
19.193571441669953,Female,14.048125051622925,13.951859480258557
22.020254284072692,Female,13.185053898402366,11.700256472844453
29.43092950605265,Female,13.556722152333275,12.853064986097655
20.872889064159196,Female,10.897628567342933,14.840923302664304
26.28775195361382,Male,10.363602233155385,8.343458084083386
24.627770421169163,Male,11.993251085178096,6.938816327461248
10.406143923504793,Female,11.659630754950143,4.57424736721101
24.867430622753915,Male,11.09354390134545,5.872947350105225
20.301151049705133,Female,13.39277489491343,24.745472126543625
32.316210562426434,Female,13.910610417141022,16.22339790368393
24.038195176094387,Male,12.176813772583694,3.2446281689598937
21.507736711668063,Female,14.955060162110524,3.3877102162821497
19.826441151473784,Female,9.71662177173299,12.409330308592457
14.156609811902339,Female,11.612681081440563,12.736323986889834
25.714114072575104,Female,10.56635535879439,12.744419176586822
28.759665163433873,Male,8.26692676585388,8.725221032231511
23.955159735215233,Female,11.834638628314602,9.3727286999855
15.453062726026305,Female,11.756504983233432,11.639397620796787
27.013971554680495,Female,15.026899486484261,10.429465031466652
17.990744686038596,Male,13.261623369109556,-1.096501863737675
22.934285469001352,Female,9.95162635134159,8.851001847124031
35.952278129049894,Male,15.708185132668376,5.742967828698432
20.04731837434656,Male,14.442067391050706,10.87605709454256
17.16851135198614,Female,13.164195406937232,24.92629501301705
20.498256825438204,Female,11.547031802300337,11.837408327371522
22.482621729419005,Male,10.08112152655304,8.43235156913801
12.246682844669337,Female,11.255586447857894,14.609007509886261
25.342814874030136,Male,14.177497239408371,12.413439436046064
19.688481431369475,Male,15.769172611869218,12.100472452259206
22.36796215317591,Female,15.086487056544378,13.034252966078355
15.402878828830985,Female,11.022301156427451,20.282717824147706
32.7496720250877,Male,9.760765133421977,4.345557823370422
21.083733538318814,Male,12.281772493822407,12.368160384057273
23.38969241897162,Male,8.463121268874296,5.368094350092308
29.067586086848348,Male,12.646335428369563,12.777563231711241
13.845678417830225,Female,11.704794827402663,5.4065674425695285
21.137299673020646,Female,11.067926996263516,7.913165931974579
26.53571377141214,Female,8.810593865466409,8.524550428810468
11.962583827193862,Female,13.027200213139434,14.879083596723545
20.92316929266152,Female,10.934598320676177,14.592272219712068
26.299413971242117,Male,9.660166328579423,3.771413117768078
23.90911435888655,Female,6.255475573436701,10.274670554999243
13.81524644560959,Female,11.944970189898727,6.452100726254137
13.397716934578618,Female,15.544503193339487,3.7074754466233273
22.60970782808449,Female,15.32251842909574,8.914914747878148
21.48492336616593,Female,11.085807486827456,8.457586057720901
26.252464251729382,Male,10.79557587927644,22.13358243172761
26.732241047484877,Male,12.937548512150048,12.16479912680348
21.599876392107547,Male,10.003229121623416,3.111912496228814
21.161268485805017,Female,12.603583799638931,7.176129979145289
26.465362366493405,Male,13.53216055676938,15.106916477146992
21.42824290986816,Male,14.453866447768615,20.442213864349625
29.328872555723784,Female,11.799691847040094,2.070083438810208
22.36916460455894,Female,11.592652499646068,0.6003780743047749
14.043482513986756,Female,10.244034826486878,19.35482587685891
28.28276804316915,Male,10.34623929192028,11.94807088685452
20.126591648863393,Male,11.547042216196946,5.658536340618168
23.93542301871226,Female,12.734731013632356,12.673145430612177
25.79297789503702,Female,13.827169252466499,-3.178738695084389
20.89658840824145,Male,10.39364209863931,10.016877532985806
29.81688064622161,Male,14.985377137919043,11.639105864215427
22.06390463468249,Female,11.457752797914862,14.621350697689149
24.11030079997245,Female,11.957265411303128,4.930520238537311
34.48396491326974,Male,10.505576641704353,10.428435807016795
18.773059419985646,Female,7.151519479454117,5.372876869702063
21.23131917821255,Male,13.768090792722099,11.276918778371586
20.552427851872384,Male,13.473687794184867,5.52326838818488
20.920948575172808,Male,11.437344885763574,7.959495804198896
24.614491452929478,Male,12.133981434449744,5.020923026048854
21.70575987408322,Female,13.0318784354082,13.255681209118286
21.383453996650097,Female,8.874908286226916,14.292255583283326
29.13591624518012,Male,10.94189464530741,8.82689715021293
25.065009459389536,Male,13.588529359243655,10.191189974800142
32.26767038578659,Male,9.491421153661502,2.7570429268322796
23.67671583381022,Male,12.587115864333258,8.501616759966065
38.600845832948096,Male,9.28683639075319,9.748976914791276
23.12833673882503,Female,12.932859964867053,23.103965455149876
15.714212217918586,Female,11.928717035405032,4.440164871129182
14.645537509694439,Female,8.769736368188982,17.32088619376219
22.412362076215928,Female,14.329478708914342,14.98429386732904
23.882686073370746,Male,10.530816846403901,11.403182022450682
28.57000247046046,Male,10.379495125971237,18.793102420975668
27.366188122867726,Male,12.401138394461885,11.860527363034315
24.635855436715637,Male,14.29727469885743,11.945795978339644
20.766031409657977,Male,9.968356362043206,9.734396734912274
12.425763876570677,Female,12.123359699695943,16.117844412093138
22.767425239664895,Male,12.857633000661146,15.482346169054418
24.28199397161736,Female,13.386211214526288,6.871613562518938
21.07046872065102,Female,12.352883110554451,3.4037640270061633
13.77130610644006,Female,11.265944321833356,8.985096813021714
20.86590462925591,Female,10.34481955870256,5.999807178011768
26.926586898644185,Male,12.172287766092749,9.682377126923225
15.580712818994336,Female,9.855721976028786,16.187190673420695
20.76862552972764,Female,6.157299033010785,7.71349172456605
20.29104359223,Female,12.873119608315335,9.785883093442125
19.285148510846884,Male,13.80786968217239,10.290113674041976
26.788936801741418,Male,7.274135128916323,14.242154411026423
27.80392263184117,Male,9.980538590580124,-1.2344466699230257
25.415256215876383,Female,13.238308522010396,6.966498526173517
25.269010260174515,Female,16.114990939423397,11.056418461397364
18.111653160214544,Male,12.041587415350817,16.000394782134308
15.310874800424386,Female,10.54399411754173,7.540487762468974
27.5751763360433,Male,11.63420711779032,0.6172364697906296
27.568929754561044,Male,14.74975283829637,13.098557229830682
22.575238431530238,Female,10.70807164175093,6.823188055871853
39.26365745327361,Female,10.401615986699493,4.051666704548193
22.854452553465833,Female,11.034512955635936,6.8782730514338795
25.677828200902994,Female,10.093342783482575,9.077373211720753
29.770008817466014,Male,12.245340631989592,6.976276677308936
28.25695625652899,Male,15.24935691693912,-1.0278302854953463
23.42365377679827,Male,12.646158546232058,14.485330984435661
28.794846102466337,Male,11.495292995747425,16.374375206393612
21.13587392731214,Male,11.416377462168912,13.257609956697529
18.815906966299956,Female,8.873618382606686,4.311571647875917
22.573182260854484,Male,13.766219554294318,8.99254233026241
25.409370696931614,Male,11.844325605974396,9.967393423852709
36.573292833367546,Male,11.63904017281875,12.993971947809552
10.66367403704126,Female,18.38621513568972,13.341702443590403
23.43130095187257,Female,12.597505816731372,6.329131006107521
11.936420644051742,Female,10.496417899809632,10.409977782067802
17.640340671052833,Female,11.147284807588914,12.286402023076207
30.444752984836832,Male,14.29689141839351,17.279111610733832
25.321400095477316,Male,12.22654082107553,13.522532699123616
14.611276110353469,Female,9.123444043365266,13.945283436877595
16.42348145370016,Female,13.838457869150407,10.419133139646805
28.39798874467338,Male,10.663711828922011,17.05229572601752
21.34816684141432,Male,15.74659555243509,12.048813979797487
21.082292947909874,Female,14.160096131429297,5.6945604491321475
20.22785919951907,Female,11.105356208682498,17.016849850625952
16.741998261970913,Female,14.562032723470226,13.489516362695138
30.719720446626628,Female,12.135711021054806,7.784779894357588
28.169595111590056,Male,13.705547350244439,7.602535163003783
14.874287066711965,Male,12.96946563458895,11.482877725703808
25.93227157384714,Male,10.307286690018254,12.315923976337924
16.69106767615806,Female,10.712900335365076,10.986461328156032
24.26216667398112,Female,14.059921635162322,11.556543367214424
21.037396307836495,Male,11.330449335786918,18.499786872881902
24.426317792665504,Male,11.192703073516007,15.357715761174429
27.524936394902287,Male,10.089754841301295,10.953177956325122
29.328775970850607,Male,12.847198131186921,14.706552903837416
13.998517964721119,Female,16.12504983848629,4.837380482362303
23.327493820795258,Male,9.864934171491454,11.989635249734045
22.62527344419522,Male,12.048438913345516,19.04653174866555
21.73335383713144,Male,14.824441110830858,8.90977052303813
33.82727120140548,Male,11.840717217508569,5.761830356904576
27.024908554804778,Male,12.904743592499468,6.739555557034697
18.695580228324772,Male,9.875212943706241,4.551834813288059
29.58930973527388,Male,12.856614194415297,6.076190459361483
30.610780985063165,Female,11.625711469990902,8.147459507049856
25.162326302755734,Female,13.971459991359726,2.9721649041067897
12.403150170229933,Female,14.374772103129501,10.078091669748016
17.578829635668743,Female,17.17912728403723,14.511385868933235
31.334555745933113,Male,13.15926634642715,5.461219099265398
16.461652671906094,Female,12.651592633164332,17.596419618208845
22.219097140731144,Female,12.388768603154672,12.553960442637973
28.873170267146683,Male,11.293667414378623,15.152902928120287
20.365347642109583,Male,12.676967686923382,6.710827230739315
19.702373219691,Female,11.409197179721941,14.272626135333079
3.793663299654636,Female,12.336921952539228,4.540330498023435
19.878061793328552,Male,14.63519507121592,14.451237504182544
18.7371592430342,Female,9.986914869440717,10.859196698967656
18.761084090175753,Male,14.27975712225809,12.766256099923918
33.16205651965818,Male,14.634230134679731,4.122026971875742
17.849293110196836,Male,11.763862946017843,5.5246507886169764
22.799777566515083,Male,7.756290201982811,12.986141091266923
20.653702886430455,Female,10.784356025811135,5.258259978878996
32.20636644533057,Male,14.593989093122218,12.316031460495616
17.8206892441028,Male,11.954263875402235,3.1643109676987713
25.815818760774796,Female,10.001395535410179,14.24087106333334
25.051165305097935,Male,10.990450157543565,3.837383426157455
15.092456744760245,Female,13.681240053009105,12.761499688397617
22.310517371316354,Female,13.093467136402758,13.128154668230003
20.99529847786735,Female,11.522135801660612,6.516140907852126
21.998915614206027,Male,11.266351176370625,12.910132835423635
20.349010424950094,Female,11.216483701912356,11.30221131666778
18.0734320156912,Female,10.155179631002994,7.305790719036309
25.56758672625624,Male,15.230751378938884,4.957226579618959
23.310653372605234,Female,11.355359061577321,0.18687154163710495
27.93008408072676,Female,14.434317041650992,11.748250236498468
13.810922505865754,Female,15.042632103844902,2.175986143189724
30.665166873281333,Female,13.996621796295921,10.476720997206542
10.239561002387491,Female,11.136759374563903,8.682758919588755
24.241074524822082,Male,12.80746018067322,13.395713877190978
22.941586032422883,Female,11.951608787218168,8.489772502550679
21.404959338675162,Female,10.192596278539744,8.352761068264543
21.88650240089703,Male,12.648718563443206,13.659353521441478
23.959388748213623,Male,9.641920417680396,11.675290145420588
22.534995326705836,Male,14.375358776923127,11.580779785913892
17.053176215278942,Female,11.070765405403215,12.346337949042631
29.248010485105123,Male,12.402319311745678,2.322139383964471
21.785077429825236,Female,12.566575743092285,13.783943399934909
16.535452023696728,Female,11.482190052591845,13.062343970068012
29.497999377166252,Male,13.17338760295055,4.916584357117514
26.536497604383047,Male,11.05019268675495,8.779597631628993
24.0643105941948,Female,13.742594594914488,9.803463561861845
28.14814420961806,Male,9.308040639506503,9.327516077991337
15.855024945389639,Female,12.252759159092824,11.669299832842674
22.199094799015153,Male,15.87785799811657,17.156833909155917
28.736468025616308,Male,9.999337350788851,15.408833638364143
28.051851327167324,Male,10.644510058950297,3.4389040328429683
19.89549203017926,Female,13.02781569931783,13.110349951530242
25.58663691654391,Male,12.359163563879196,16.64466659767705
26.388324478942124,Female,12.701260198547118,11.934042603446013
17.04214305582085,Female,12.978374260295327,15.454902125929834
22.735486905850188,Female,13.26944293712354,20.061352228503825
18.98903673783053,Female,14.219399683912446,15.118547730534907
23.9115939838639,Male,12.819637313857026,11.246542978208645
25.49388425993595,Female,11.517484690762915,15.225442370423767
24.12708174494015,Female,13.345147402405463,10.724439165484457
29.067548180003193,Male,15.799763869790432,10.119515216424777
26.527394035771646,Female,11.734732507234853,8.242928821431338
25.105019208163796,Male,10.050941390658718,17.81706679416054
23.40976485647482,Female,14.214161338573945,5.907856670289993
23.44866621703272,Male,11.759237672092803,17.66183862339058
21.62083176244221,Female,7.654660907971928,12.499320618701857
24.349284728161578,Male,13.694843354300843,3.003469125990293
20.48497982496359,Female,10.929343628092155,11.838246464957107
22.97578512718457,Female,11.818933435391678,-0.5001325382581197
20.908896583832636,Male,12.663960661138029,13.127540084155179
35.4619363784273,Male,12.380999359558134,14.426157414944955
19.96991309250149,Male,13.41890363427808,7.038220221739732
18.92905693606134,Male,11.129027258860313,10.61773847977791
25.790554367500338,Female,13.026211596352166,19.770787168751433
23.95831346981468,Female,11.480906644832165,7.471266478690317
28.120599085260775,Male,13.477620961775006,4.705462064716998
23.1417275463214,Female,13.230734968026107,17.408317012312992
24.938766135765427,Male,10.12912259591081,19.812935952653973
20.51372814257084,Male,14.171964232350064,10.018478359239237
20.37902279096863,Female,10.928073109771905,15.057315177041781
16.61419144243944,Female,13.61611559656229,16.707379577654407
24.875598667088756,Female,12.734574626802681,6.28757883730808
19.264713092489306,Female,15.676367353590244,7.573470823160658
15.872514016037442,Female,11.553068035256295,16.154372565773674
18.393070791735035,Female,11.301366407763606,18.425071393542545
22.06465727137812,Female,11.961160788224534,12.814404300871773
22.181377235980126,Male,11.393640434331449,5.6009282324897285
20.888898022167844,Male,13.5998838038841,19.935305558497205
26.218436057459563,Male,8.767378783126825,7.345145510940178
26.224832855543614,Male,9.892635161707291,8.324311094142741
22.46528412314435,Male,9.864394156841614,11.711689172448107
17.644808471908387,Female,13.900615183947151,17.77080210357387
26.16024968678818,Male,15.42122674516385,14.269879882761119
17.75957829251338,Male,11.791101562925057,12.074327501809552
17.962681128117225,Male,11.66235655361998,12.316442650590531
21.40777889373782,Male,12.140104326226362,10.21757334321733
23.932764241440765,Male,14.323756605216381,12.790697572592531
26.554537827990025,Male,10.145293731618851,-2.6478003884715147
32.37678108474776,Male,12.476737965469571,8.516962704651007
24.288298116010097,Female,13.950395259564859,11.206609674583905
19.200307350182864,Female,13.002188339879691,4.244929581902465
24.904918960486555,Male,12.379163233197486,11.9316165890578
14.987353176810956,Female,14.002092185134282,8.977643895069392
19.90743432003805,Female,6.593535414001526,18.77737849157745
18.55670680539931,Female,13.355750639061815,17.865098626074282
21.613592801690448,Female,10.691848633745153,7.670972154409186
20.863845282238387,Male,8.338734206287086,9.245811442166524
22.596732571205862,Female,13.022405199049961,9.630262171958037
27.66369456501289,Female,14.747317090325915,7.741702619201886
19.456199257715713,Female,11.725102970744617,10.975124920140633
27.008558610494706,Male,13.905749094405877,6.208589655562049
28.450719958555563,Male,15.22455651597729,4.3469233253123685
22.993897640570818,Male,14.629828907168095,13.113556119501343
26.120462409052084,Male,15.279929058742786,13.147647921109055
25.062962003908975,Male,13.484254982143785,5.978421201700038
25.48838049274416,Male,12.150867277803185,14.476777153812998
21.13495108072267,Male,8.796068376205664,6.842111354173343
20.122550871294713,Female,11.507875023740104,11.265826190189905
22.489991456227248,Female,10.313506809367617,14.101720063062281
27.25571803897521,Female,16.34188543499563,9.831937176481436
29.796354130426035,Male,11.648228375135327,12.273704560705673
35.76591228755778,Male,12.246409613568972,7.417851780562142
21.163262185559752,Male,13.102970752080935,9.017667082859514
29.361603183603393,Male,12.087204892744907,8.970702845598298
25.91671002869176,Male,15.390102080861507,6.267108267298806
30.94901466608836,Female,10.754701276531096,9.116129184421089
15.958508573224243,Female,12.389214910474486,2.2569085056812668
20.801390789096118,Male,10.515058828603904,7.544231264289476
22.00303677277989,Male,9.359954977558589,8.575622533151646
14.380521378450965,Male,10.776461818189428,8.7191012375231
22.371224891596196,Male,11.925926405903176,8.792512770646105
16.20433669223151,Female,11.14139555096548,9.691179000699355
25.75196893238104,Male,10.615158040252288,12.39720759043032
26.708779878885796,Male,9.187365072656332,14.372585370662613
34.38085419607943,Male,11.833788854742611,6.751173865758664
29.75211919093025,Male,8.990559251937995,3.983995723054278
17.115481721687985,Female,13.520111927379205,4.789777938784486
20.50792664325821,Male,12.164879505869006,7.563985394025364
27.459595857532527,Male,9.08489700107014,8.240393410917454
13.398833964896788,Female,11.381581845900273,6.150019669012714
29.15729382927177,Female,10.495687188818835,3.5194166787505274
25.897200603606436,Female,12.63834902083836,7.719395862629058
22.654121739476476,Male,14.680900892046289,10.907133100569856
16.434327354545612,Male,8.24965506070851,12.975147329177823
26.769361870827062,Female,12.230052158294834,7.2128847344583935
19.42730077373691,Female,11.67973440886672,7.93501088928283
26.189081559867308,Female,13.34268015290093,5.366508455763446
12.027861706028165,Female,12.426393256475379,9.842804148126119
17.003124885231134,Female,10.496061336522361,5.757856829045927
20.026218498590914,Female,11.361892128666764,12.865639066206
25.23490296882371,Male,10.407948286393022,1.0706675403294437
22.74967264260378,Male,14.152014277197196,8.201851637737688
28.114249661737492,Male,12.042623297343884,11.50553669595871
14.661897853087028,Female,15.802381371506016,10.919172581612521
19.288102574893532,Female,11.878678372370759,23.46516831990248
20.601478158559495,Female,10.583186466179075,11.749000122839538
22.572194170293745,Female,8.972571214774346,4.9797270157899485
23.55807439044445,Female,8.39372064748811,9.522678764554636
14.376789540810654,Female,8.831728113989021,1.1187683326677416
17.32942914632189,Male,12.534253302022966,9.597001253516195
31.388384109492545,Male,13.017450046459867,5.834719714996207
21.661570059897958,Female,8.837618595935734,14.576951377800809
21.25756731721723,Male,13.790076628152232,7.252298627022325
27.755759877612615,Female,11.033877896633122,9.416170421023766
25.578373171464293,Male,12.293586023971098,6.822210792977983
25.896485920319133,Female,15.224441256510849,18.694256759266658
20.337592407050543,Female,13.793678631731064,8.393786169410442
35.303739624409936,Male,11.462938704188335,19.162785217396006
33.77670421221602,Male,10.217615549169425,14.070758810591332
18.75517925760463,Female,7.69636919734139,12.410333636676931
24.85785475477178,Female,10.56169336151516,11.8436657365876
28.226879747925736,Male,11.577739522344611,11.968986491081257
31.843157787661745,Male,10.025640945697631,0.3616371032719492
15.175382697099478,Female,11.737486065815391,8.605583029246217
28.430257299992196,Male,12.153703765917536,14.225789855921608
25.29212243424794,Female,11.550288036383844,9.755514082629473
11.206302567884428,Female,10.699994838353081,2.974050765982125
14.083707436671125,Female,12.337309343933455,9.737977747112653
9.803839111199498,Female,12.883881299138817,18.520527581277456
23.652965827777212,Male,9.819201845114307,16.234458577673596
28.58771127897981,Male,14.82186475949254,9.689979953169841
32.51178526048014,Male,11.802823735431476,14.757246385290433
25.370473902098876,Male,12.037699245889696,8.167464898159741
33.14307772785646,Male,13.416428846513114,1.4806420658664052
18.099492708925542,Male,12.466432262527004,5.377670059352228
16.483087803224226,Male,13.90627326782649,17.81444384254099
19.722261505516904,Female,12.574248330403648,8.630034590853478
26.920327244696537,Male,10.775125250719125,8.78308010312491
24.836526259529535,Male,12.723007050412203,8.500809018625597
9.662789499800617,Female,9.712547585358676,19.520682947865033
24.55439980243606,Male,12.217119411553046,18.129794576810315
18.477652497475734,Male,11.933540018711078,21.09390116724067
23.348362744150194,Female,11.58376628545492,9.204773947999744
26.83299123048424,Male,11.742924977122138,11.478122443735476
20.300601068363225,Male,8.236301909004721,2.416787252896045
22.430665413316532,Male,10.902550184518077,17.384672130591373
14.703932390555241,Female,12.18568980228223,4.161102243660325
24.68660451363414,Male,12.3197127839948,11.083877818813146
29.775711602506192,Male,9.944649718148083,4.51348736183578
15.071369768322281,Female,14.531415681729401,7.055665866306519
27.520232577589223,Male,10.267650303571,5.813687844751499
17.348711908137794,Female,13.938914401053474,6.96062369662091
16.03563583868828,Female,12.85438872374337,7.304386484255107
24.464848200227213,Male,10.707545380312395,7.258656025374615
14.823788387903129,Female,15.550621785219024,14.166669558901535
17.23175347326409,Female,9.61272633648704,4.475686034687399
19.010610537055758,Male,13.838308347220003,11.102707135069334
29.823625664581947,Female,14.001164636085957,16.089795761527792
20.176317759858645,Female,10.65875958184671,7.434018177433019
21.50137246003707,Male,14.784930600128657,6.410405546261991
26.06989955367111,Male,11.499906970802094,8.847376874098746
24.43835975154585,Male,12.577387258559714,15.898626041803551
18.895152002333884,Female,12.520643677542441,10.970538154766789
28.070833500217127,Male,11.731382517058904,7.343928526962007
23.787538550236526,Female,13.621616546319565,12.419383255940199
17.34749426194736,Female,13.586977441104427,4.488539250817883
17.1209087967766,Female,8.502936053523639,13.40679755221474
18.62474151424178,Female,14.608680485756306,12.043036538508838
8.490394176322075,Female,8.675016023928652,8.46095764430558
12.42404468900724,Female,14.065092408683315,5.807071007763845
26.834371337222624,Female,14.253410273655167,5.566595388582714
33.22483856750642,Male,9.818067139569603,12.674086681729552
23.75481980221811,Male,11.17837142409083,16.14490251244531
22.882784815278832,Female,9.788590663028128,6.813461264856026
21.556250772717682,Female,11.57015793942253,12.291933517757421
40.39440404227619,Male,11.383931431628518,-0.43513509301034325
25.597874557172883,Female,13.559321064538679,7.076911346714002
24.360412042596167,Male,14.620617492239216,9.84470533564549
20.22229779699787,Male,14.791367621579912,5.451582915090832
16.96776839871214,Male,10.875663946843396,5.31746812605202
21.017318179336115,Female,11.581556252510945,6.661102217655569
16.218246273578483,Female,8.6331236155581,11.460963641631865
17.88873145201163,Male,10.388259867007623,9.063354907968126
21.767135578787368,Male,13.929703266194915,-1.191156166624861
19.592259981928024,Male,15.231165647096464,-0.6035007631753313
33.43570817536282,Male,9.531302256240156,6.965674110714123
29.408198784747253,Male,10.815071481694211,12.28843293026776
19.960136793416915,Female,11.947188486082146,-3.7375242136261733
32.39972069445013,Male,12.560322317639214,7.501349119241847
20.38684153823809,Female,10.380792960156707,7.368760717412894
20.69357899335868,Male,12.848122088928179,16.94168889104224
27.615620386348287,Female,11.052321305858168,8.074890941435681
22.694550218423295,Female,11.971095458243441,11.914944923704642
14.813769228367718,Female,13.092568496007399,10.706285700437316
19.04830660958196,Female,12.012844539621875,-0.6528323990360025
15.621908733076214,Female,11.127228218946863,13.841036083158686
13.08600134517832,Female,11.780780392148339,11.076982527281439
29.630887737658206,Male,11.823274081589329,12.541343198372948
29.547083202350652,Female,11.259977940235744,29.631188532181632
18.007162130904295,Male,11.482407874665796,-0.42056469749294223
22.814846183452854,Female,15.197294341009433,18.62348324880554
16.746787154390866,Female,13.121838895882478,8.562762402998223
22.56437308117652,Male,11.409039363941679,11.436644522015047
17.038030378805654,Female,13.393908809021472,9.77243877349379
20.68004615160092,Male,11.33236102048798,7.878818333009782
25.242608139724133,Male,14.346249275173282,7.150835358806207
20.84524941794481,Male,12.739284384396187,11.647543677865045
26.352284128899193,Male,11.785395711991542,2.4141315166416044
19.748809452754315,Female,12.895433851620556,13.752895837608827
18.80525976566795,Female,8.858247695863001,7.91902797557373
20.46218168979201,Male,9.74646506218039,4.3496533047982116
17.116143347158335,Female,9.612149987201889,7.749935710020932
23.77695612912878,Female,12.285886189527414,16.285746084312862
27.504585938121902,Male,15.465029998970184,7.3233245649188845
15.112223776007244,Female,16.462600292385265,11.7922680910481
25.49666152714613,Male,13.276102202881514,6.345218621422633
28.756935616858947,Male,13.001688949888914,13.789609249618097
11.652973594393142,Female,8.397884531694523,13.427538693951021
22.716800961899676,Female,10.914652400531956,19.243044166482058
16.686881205270765,Female,10.424432496183522,9.122180272503922
27.852993342965796,Male,10.758304803497769,13.343274023789533
21.183704217287417,Male,11.66371236283042,10.490337697694724
10.975589496677404,Female,11.055818844605746,16.47935890931507
11.862287810584187,Female,8.041400379248424,6.405838061956349
20.24042473330691,Female,13.495820512235067,13.725026564386406
21.29861250860741,Female,9.854513948520387,9.026513519416591
20.478416874477958,Male,12.478493728222299,9.67905911445751
23.19296229388687,Female,16.148165339499947,10.458762422241865
16.6923996886552,Male,10.161230816827153,11.261201982133386
24.66960100676342,Male,6.9394249545073405,9.41885478439021
13.944919001187717,Female,11.427991556239778,11.073565915852631
16.740819460989204,Female,14.201919269997141,17.890590287810923
20.23699335658207,Female,15.916694908441187,14.927248428076092
20.69793317358024,Male,9.540900811095167,14.345772962484482
18.077222278850872,Female,12.993398446473044,7.722302369880646
25.0314640460722,Female,11.069379086439893,5.553795858858378
22.115540652384254,Male,11.788103291391728,14.776502791188765
24.17846056032571,Female,17.28868669403407,14.38023396264897
19.351465726711908,Male,8.994059343209694,17.36335337875491
22.649020889576413,Female,12.507479322989147,6.980096870153853
32.207843103289505,Male,12.935386343530867,8.852256723198265
7.6417774993635526,Female,14.171572649878694,1.8025791873728298
16.015523722647615,Female,12.195966306941791,8.037644469695636
27.8853606359027,Male,12.616101079008205,14.982852552897235
23.984773069785035,Male,11.216702865156417,7.66752310385901
21.855729366856544,Female,12.538253882490215,13.202398976004119
21.980074066420897,Male,11.313615449005178,9.047484470010943
25.4329489373645,Male,13.243143779712101,11.620285141107804
24.221613823039604,Male,11.260779327912733,4.261543050921663
30.838910308299035,Male,12.754200787804374,10.426047248169505
21.272104216506065,Female,11.941474372630044,-4.955679854503616
21.68801331037601,Female,14.252100501544337,9.065519209190075
22.940615169387662,Male,11.897212552823028,1.8476337814242996
22.561968879637533,Male,8.453935063586236,16.029972582734082
22.837209060901895,Male,14.523843001427984,13.887036763822556
26.972260711891483,Male,10.188535398274762,12.333354909830405
17.895077595898684,Female,10.69246732270236,17.6050311357969
21.448874284482066,Female,10.808677411913015,5.2554173958758135
35.37700399322719,Male,14.748876186341635,18.736815989577792
29.355623517158463,Male,7.728651572042609,14.660957821301924
23.369882339160796,Male,18.27549706731999,8.81722356390527
26.006069610819722,Female,14.112113618132103,15.678100735914722
22.959623134892244,Male,12.446477828258319,4.468532437941829
9.80937732411073,Female,11.890211998767427,5.877429192361633
19.95956844541298,Male,12.571108149715315,6.957051383801498
10.646040394870722,Female,13.042244856758677,7.355111459679923
23.24243257979346,Male,13.290431171900114,4.717211786198736
20.092091895947757,Female,13.111208932006896,16.115415335476627
33.382186561376415,Male,12.179161362510497,8.705727998150842
26.634636868820813,Male,11.605323159385348,11.762524841784398
23.90449735595568,Male,11.697453432692976,7.148243167931597
24.147027905917447,Female,11.610183439294637,0.8969834972574144
13.944323454960575,Male,14.26754019373413,11.35028679195711
21.178072790542828,Female,13.187113444561724,0.4387251229011149
23.854325969434832,Female,6.1192227306714395,9.656829769572656
17.607068771100792,Male,13.311801553059523,3.1584248058359474
30.718770216034645,Male,12.38947238943755,19.936379996154038
26.69248203747207,Male,11.962582487108206,14.556813610873608
17.923560430495993,Female,11.222963093822228,10.528768956357402
28.163909330531425,Male,14.248225439972027,16.318533388273345
31.35346428902198,Female,13.895052924245716,5.768420112671321
20.909331275292477,Female,10.454244664352782,12.717396893350465
26.24110293150168,Male,12.81410457424907,10.999052168593568
22.70319550229878,Male,10.056686530917428,11.32010040666835
20.75077815267604,Male,9.240763670422139,16.361767500533837
29.151679082721227,Male,10.746565550820069,13.662460513899012
20.719580870455665,Male,13.724786944765517,11.443618314125116
25.357831186096963,Male,13.906250090752174,1.7255628188585188
17.611712766174417,Female,13.026170840194586,5.199768523602682
22.39489912873196,Female,13.450191573695994,9.386455332021379
21.66831052643474,Female,13.032356574229917,10.466861871383257
30.187699721289498,Male,10.717036809554095,4.34898137663038
17.449918005726264,Female,12.863845089347882,22.058383377892106
18.650625323533145,Female,13.600819050455364,17.581970276267864
15.106181421088463,Female,13.508582659627148,13.010591601962417
17.77853369961944,Female,14.377826742949285,10.360184306418724
21.88650246522426,Female,13.416607694402128,8.938955150494241
28.78494308322676,Male,12.702896415083165,5.240407699888822
20.389173379111874,Male,14.140300476632856,10.387402592594313
24.3480296005283,Female,11.94695748150188,11.288762700713754
26.778189294024756,Female,10.236250697544564,3.7911971225918784
22.067174516118506,Female,11.673866072112473,11.670882086224488
34.38397906279033,Male,10.510194710387102,9.223704755876255
21.131054004482134,Male,10.649643450051236,0.46096221061304554
13.776726483442914,Female,11.710962658568965,5.698074946102491
16.106398755478608,Male,10.415160158000077,7.931972332891778
32.480221557445915,Male,11.38407694072192,19.43843828670095
23.27182828177029,Female,8.212770666092428,12.78276562266879
24.722076645447725,Male,12.426587414745876,3.3225921545005432
26.399843131599102,Male,12.002410950724448,12.430181447088184
14.372554763508116,Female,10.365822737863619,2.2634800553081726
37.228759898084135,Male,13.31849133686481,15.413455269435367
25.646105909876137,Male,13.875140275253116,7.644376740910607
20.546973973024464,Female,8.784880271262052,9.531819056304146
28.62883311949346,Male,10.47455044286757,16.62898323771095
27.405046158683568,Male,10.461715300425404,3.5641821570787506
21.119420121395656,Female,10.120193797782271,3.0144090744350436
16.04762772277344,Female,13.658949683863497,7.082003368269976
22.357341785679978,Female,11.612347722454393,15.191894255096583
34.41012248237517,Male,11.470970317378779,2.403269622615788
26.727100230774887,Female,7.992275271186493,-4.160777990552845
32.965933133196984,Male,13.270836060418453,7.744205707955006
17.443921617844076,Female,9.521483210293056,12.758703999554601
20.051975898707095,Male,12.119865260532656,16.001308748694147
19.37106539950176,Female,12.554753875916383,7.684193189573005
20.278624561443472,Female,14.721317191677302,7.942866964419988
25.470957592354743,Female,9.382359201761776,15.769503671278736
11.537676851425903,Female,5.960975688358349,0.6512915015228966
32.64775159730307,Male,12.36769908950739,8.057396124084953
19.209960507105052,Female,15.601022363021707,10.95211944962529
17.8655946502629,Female,14.477892705878874,12.246093606425172
19.93947812369916,Male,12.419318830549251,7.4509665340455875
11.725716640671154,Female,11.016727628735905,10.172205058529206
29.115852919809573,Male,13.61424519327462,-2.4416367670649475
20.36658983594202,Female,10.052907600591062,6.708757938330758
13.55019550129473,Female,12.952715538712438,12.267543562772337
13.52460613968192,Female,13.010940318333255,5.088529828726602
23.32107650354936,Male,14.12041981499776,10.294921107947987
28.345107626446964,Female,17.519320077822155,12.23436250401349
18.702043243181976,Female,12.784831934357534,8.287253995711175
12.48428523440947,Female,10.982072748585002,10.852318854982855
23.77128467957028,Male,11.94885137561601,5.186337173576939
23.636382151261646,Male,8.461848190221763,8.966943601519766
6.515566785292142,Female,10.610573737821884,13.051080847946112
24.72852566741094,Male,11.181435123773792,10.78486480484217
18.84532734895661,Female,10.951823204130815,7.067343652180322
23.48103182406709,Female,12.304709744067445,11.121082021453965
29.244780474726724,Female,10.355160135235598,13.57304895318309
25.632825147738785,Female,14.242061334648943,-0.24970639288738994
18.655556547225846,Female,12.000414129836393,15.795370324779489
14.467370456291649,Female,11.981399357722772,8.318726306594641
32.8667990162493,Female,11.344210566974164,12.127449666201152
25.29609217007244,Male,12.310381367717959,15.986234618226138
25.06964645956473,Male,13.65019652933527,3.1416315138476705
24.879374564449982,Male,10.2657395685782,6.4527949878622675
25.990423803839274,Male,10.683767021849487,8.557256520621475
24.278197940380288,Male,11.39254794244667,6.081232394377858
22.131689965598817,Male,9.30825815305357,18.67468287918404
22.26570529379804,Male,10.361484280557004,5.7161395308660365
19.836233648920008,Female,11.047558252910681,7.222266102565667
17.282876144331176,Female,13.748778361425455,11.021945158014884
16.435771086614178,Female,12.52512265800385,3.989252369619556
20.532151138459483,Female,12.387179822735089,8.02159644121868
23.725113912895722,Male,13.701795924335944,11.587266306250875
32.51996494291345,Male,11.725256423201207,8.335697978087444
6.745150958034941,Female,12.78092969985778,9.533065705500258
25.45753425961231,Female,11.793556494135007,7.353339437758146
31.230425962488145,Male,12.530724698799258,2.4276484540961647
9.633048837959253,Female,10.834482684776836,11.607966056696192
18.286562029598258,Female,7.122365683447142,18.774665358236206
18.142795670021044,Female,11.731441675627392,10.09200815391719
12.962441526410894,Female,14.845496272199881,11.126320586237748
21.110916562045624,Male,13.852430804483184,13.463613775584298
14.447120772670857,Female,13.930794969182342,3.6533475172665044
28.761352217118116,Female,14.472261443612435,18.512573290648028
29.678391965737305,Male,12.177315181922875,11.01164398211401
31.357775474970794,Male,12.394631414811192,18.159284495445544
23.608360320216175,Female,10.7646962091313,6.334835022380053
19.354741143913856,Male,11.367854287945901,19.090309612789124
17.37739866860113,Female,13.231542299542284,13.875777470173915
22.44687280613959,Female,14.407768874337632,12.765200429261792
18.889360955540273,Male,11.721107448638001,11.17012227176574
23.56499215086194,Female,11.099621470297176,8.757356909627752
18.798373009209325,Female,12.001055917713195,16.00265829236936
18.125895962252013,Female,13.20241349785823,10.701799349240234
23.554799841017456,Female,9.112290367732916,0.1646514820642384
27.2213165574302,Male,7.407638093725524,4.414067691464988
23.1951691709046,Male,10.898926301016832,9.070771239036263
25.79664901682124,Female,9.558575148171682,11.549994915827774
19.594683362000513,Male,10.983719604705378,9.71705755550052
23.07967803472132,Female,11.704439362365058,16.094853948968314
22.96550628984192,Female,11.093503181953974,0.24449067980687644
18.452267803430047,Female,14.90493506894149,10.7179396825258
21.63066511121059,Female,12.65348952920464,0.9101038730642266
13.744432118073485,Female,12.600948719221657,13.798561477420842
29.620135096034506,Male,13.244414288086803,9.527706427789987
19.075489317785056,Female,9.722333764438462,12.098049860120591
22.386384897404803,Male,14.078223574840537,5.68058519705117
30.245046129184445,Male,11.84847142692908,16.397324658288756
16.478281547286205,Female,13.340961234482425,15.208623320294256
12.957693518182202,Female,9.856285533919689,12.917721515059437
12.216854132380481,Female,8.892482467967872,9.352413765682796
23.030049756728197,Female,13.635779316050057,12.89928642647566
13.597853237518585,Female,12.752819052195033,6.465537160063255
33.77397090992182,Male,10.19589689128498,14.27777829510356
9.59035296058139,Female,10.26067383745061,18.247404471619603
28.48228184145019,Female,14.25086956882954,15.35305279989593
26.05508733601309,Male,9.621176214265343,6.351987650962952
24.516434440648037,Male,15.285345906511926,11.807086586365514
17.275404565955252,Female,10.198758530704263,3.5342922812067616
26.995680571760353,Male,13.276783851216766,12.86195155587838
19.81182648787576,Female,11.34276304850203,12.253017064312694
30.516509410082605,Male,13.206374862164687,0.6509183023391802
25.571138243310198,Male,10.911771995771614,4.191080780438181
20.75150880730939,Female,11.674414187855412,8.584305516281164
23.18193893893072,Male,12.081838350791442,8.49570126429587
24.715271881394663,Male,9.995625088437055,3.9526153229059737
26.539008844460295,Male,13.481648690840252,11.944893646760919
16.449158036716874,Male,10.973572867056829,11.25736804470256
18.259072889471433,Male,11.542800169319962,9.028654340107403
28.716320470113576,Male,10.011301250782976,6.221042499208185
20.854327190639708,Female,6.875332682409379,15.243535632082818
19.080083318236603,Female,11.617944474799662,18.277035565441476
25.092169665326967,Male,16.82523084322583,7.582192580767314
21.737908526808354,Female,13.569208575796047,6.939165414225896
17.301201598453193,Female,11.961479240531212,12.456038327059982
16.108476372988438,Female,11.474218341583464,8.209853101265068
25.979226275488408,Male,12.044931785624092,9.303013996683829
15.10813611192484,Female,13.09423823035042,13.698265758623357
27.041263778572358,Male,9.63837436938231,0.453219562463536
11.487081978810798,Female,14.228643389337744,16.591511624263347
30.14577818662822,Male,13.430762630882487,10.363402621646706
27.362987412065216,Male,13.43637145141587,7.9425342771890985
21.28014867156938,Female,12.876951477619455,9.553829228892756
24.91345491972757,Female,12.03923331538798,9.812146775102594
33.32737222231288,Male,13.34572247193364,1.3439934827753728
25.07185032509065,Female,13.183628267482757,17.47469113726618
10.795628843341774,Female,11.291918578117953,10.206628161353093
13.602115166321493,Female,10.852796454206198,12.215010652236876
21.875907111521606,Male,12.203712590523974,14.757748852870215
25.13045525105417,Male,15.098040302990375,4.894187712198499
22.588295102345615,Female,9.521785848692199,12.367359495176142
16.371280934232672,Female,9.06494946849512,8.661794545506032
20.93383382238539,Female,12.329521682473034,14.233853876082469
21.22308533823339,Male,12.101775403712036,-0.6361371017574768
21.942410985040258,Male,12.346683328740816,9.504528498793656
12.966694515758888,Female,12.487906395817001,6.985896721080191
15.383833769445479,Female,11.55359549073039,12.161314753170778
13.241576971918331,Female,14.979726877204165,12.35022093684101
15.120633735113337,Female,8.798192043046969,6.46187052588987
25.268208983039198,Female,10.343005950439508,6.439130679119782
15.253005555840286,Female,11.793490479701905,9.446673157213352
38.161910324186955,Male,8.713622377691665,5.516788863423959
22.466589504404446,Female,11.648291191135858,14.209918477260635
25.92418061847437,Male,15.322940331456037,8.15396399776277
15.708211099093933,Female,12.041772976591924,-4.5349410966082075
23.501549397044958,Female,12.461401811437367,8.125889716890969
22.12181086881113,Male,9.47967046965484,4.8072808957801385
25.610049073226808,Male,10.767277183921045,1.8436209226952727
37.800422691343975,Male,11.249607239352127,3.8128668088871374
24.51970050137675,Male,11.364569806487532,10.54704235916485
25.74636663142838,Female,14.563287590007537,16.643204141241156
21.48411787437056,Male,13.11538212145025,11.5659223693249
19.82505754751519,Female,9.777084086125935,6.967483058921301
33.85400317817755,Male,12.49300955686401,12.279520975853513
16.865164711061162,Female,12.996443496993571,7.704548448905041
29.062242789984644,Female,14.280298077042533,6.526998154184277
23.538759677277376,Female,15.161081373136748,4.228186658835078
17.18766612052866,Female,9.969811616344263,1.240855966241405
23.162038695277605,Female,10.378284977579323,8.050381467202774
24.86277224813365,Female,9.484844282170767,10.790267449600659
28.10904981108598,Male,11.531960281786038,9.516881649925551
12.148876400547717,Female,12.93271674889267,7.920165360263207
21.364314120875658,Male,13.974669033178204,5.271269696516095
23.762406822242475,Male,11.848097952714955,13.041230958424842
19.62783285449977,Female,11.360304953490312,3.4143404002670756
28.103360487753392,Male,12.30351598449748,13.880139569217377
20.888505004666268,Female,10.329714196739953,4.988914905366376
18.323278206449494,Male,16.179077443389545,6.237823813234825
21.900989255029817,Female,8.784677945763882,2.666074046921615
28.052928726419115,Male,12.36948115779145,7.492989265571817
22.7989522396552,Female,16.04721243845928,14.876562292389895
25.403903627773108,Female,12.013599689119996,12.578140442219782
24.16961077274452,Female,11.61992192999701,14.892110560140175
22.295900396142184,Female,11.285109154379146,12.610712729669679
24.649171442706766,Male,11.639216636475185,4.4816508573481535
11.695195332420043,Female,14.74569694935306,8.346053878362213
27.148091095662927,Male,7.576276177340986,6.099004354412687
26.038438435815557,Male,15.066867402592651,16.6528745201952
26.357894185976868,Male,9.15208569509971,4.0160567678684425
13.616257120898453,Female,11.466695341531171,14.468488446945553
19.594717297958688,Male,11.141511159402675,14.464769350543847
30.26576426666452,Male,13.17710653954144,19.148101008580436
24.802224230716725,Male,8.803751296232505,7.951567036852513
23.40750348686312,Female,12.924345332163886,13.56161079790081
20.141591880652307,Female,16.048619246573704,21.408259182694213
25.148780697478728,Male,9.273651990814379,6.911791615331516
24.691419029879988,Female,12.379412335220792,2.324798762338202
17.41977635891313,Female,10.676035644406781,0.5999498304611812
25.480603884704916,Male,12.85177441238607,13.563560144306656
22.688623556474788,Male,12.038295554831505,0.5842489597070806
17.82751886283842,Female,10.71702618191138,8.138404735310386
23.454139382656802,Male,12.975744569742147,12.186565935194803
21.110668858168566,Female,15.608696219573487,10.92587768414957
17.606256891682612,Female,11.618192416545403,12.127224320920861
26.278780627867604,Female,13.439515884296364,11.11144927900427
15.526963488902481,Female,9.413454084257673,16.394329066566968
19.065641779193204,Female,10.087127246363982,5.238418096306015
17.801344708629124,Female,12.944812555760755,6.615024307707343
32.23488942176866,Male,14.96823205707193,6.13670277364588
25.982773882557872,Male,12.71122669757132,14.15095905931305
25.159222697343175,Female,11.373883938953691,14.501992941975317
12.57219813481514,Female,11.998582810846708,12.25612659659254
21.335251329346296,Female,9.499184532060564,15.917468334449639
29.448153978117183,Male,13.209030652710734,4.1097956631180965
20.41141994637712,Female,13.76466612464682,18.336120557755685
30.327401875326757,Male,11.09581933433384,17.61619310856129
17.41355774949814,Female,11.059915704480996,13.678109986228733
27.0467372009279,Female,12.531756459304097,18.9089945438553
36.49449061809625,Male,11.126560527918809,1.7168839616111313
23.185807197801704,Male,11.867734770748354,7.37775931868674
17.77248739299614,Female,16.19944357833303,6.323482696590238
27.266922385588504,Female,11.505948598508006,13.607396618786716
27.897860728653562,Female,11.283319695957555,4.749296301989272
22.385699864233658,Male,10.704916388729682,13.787475746687427
22.899065914520712,Male,13.488383942999874,16.852680719983567
23.591076955697464,Male,11.637551653563794,13.476014500419996
18.277747444828613,Male,10.701253923357148,11.418755118307505
20.40674026757901,Male,14.642608064546025,5.060633295496254
19.97929616623966,Male,14.839206009027274,5.765745169373177
16.161012174479357,Female,10.79915286852259,16.248094526483335
19.826575563066093,Female,8.266920097278767,13.896745019526662
26.171073662682602,Male,14.015027379673844,9.80490240311228
27.752502464070385,Female,10.630740348479993,7.910452271170547
15.008229796306045,Female,13.581251198325537,-0.1290393655568849
29.921611992382918,Male,8.059792364576328,4.645737906577806
18.930055778872454,Female,13.785194676598618,19.557095435698617
24.752681451737836,Male,9.577656141438437,3.5977221449876664
28.37409746083302,Male,13.461528238133049,10.947399106105403
14.386389892188507,Female,12.028546135672869,15.037219865975992
26.912048730920255,Male,10.09212116120671,3.725386659988538
25.83226104106528,Male,11.18592737414644,10.923552373905416
27.462256320040744,Male,13.372636913913402,14.689577687553275
26.44584321953909,Male,12.211788906230469,10.062496609536252
37.276500699554475,Male,13.168825960944968,24.34201527833384
21.81130007874342,Male,15.95288116903097,1.6570037056090232
22.345015224990913,Male,8.871516776577897,15.293642649419395
21.88429736787618,Male,15.234425149937248,9.135991313017678
17.222614404198726,Female,12.208711875046426,13.859600774183376
16.81306436346741,Female,10.202431903353745,12.20653575849623
25.94508265553776,Female,9.33937274852202,6.334219014450017
32.102521239949276,Male,11.621759218445932,11.1449819622967
22.14626853125262,Male,13.84330022384892,0.7104927430085635
15.838222134478857,Female,11.744901759244932,13.016237502856969
22.35707778193202,Female,15.022309860494694,11.490792329952628
17.238884778595143,Female,9.097648619896882,13.193300843215512
28.164659088777555,Male,11.975822104307891,15.290591625435752
21.0146151042565,Female,9.495213111173761,11.838099201048554
12.42127942501384,Female,12.727263765249935,10.740447098991382
32.737526006650306,Male,13.7737747801946,5.594658316693539
28.97938836547761,Female,11.158476412637894,6.438896181754745
21.93605654757807,Male,6.7915722867457315,15.933673100886654
23.061492200320078,Male,12.39789629359299,17.181677028529894
26.429326953624525,Male,12.87347710346702,8.809447818439729
21.672283949935125,Female,12.808589509923396,10.23001373626637
23.29272136336415,Female,14.471564383644308,5.476928125031169
35.05102269383175,Male,9.857892640701902,15.863784226337224
19.11526386252975,Female,13.3604322109009,13.327084118458894
16.00851377730773,Female,14.38501502495595,19.706087182318747
13.103403859927365,Female,8.442824831986966,5.608384614101306
16.345349800290403,Female,12.639303651837954,8.109960504908914
24.834365135631014,Male,10.991640337984657,11.157229612627862
28.97278931758894,Female,11.836954653796708,13.232447688628852
22.411943504819142,Male,12.695352967076673,8.921661812261839
26.118939758194493,Male,11.025542871772895,5.635194547731498
19.91788551963624,Female,10.648583841676777,14.407037644617855
30.94196636724042,Male,12.068304834976049,13.605676812727907
32.63466212936811,Female,9.825508122274394,5.418629497181375
17.345656135398396,Female,9.82834974222963,16.77721400552748
22.55280278740889,Male,13.358746565913007,15.85099354598302
30.22080438534536,Male,9.702411929682688,10.671482486238965
28.40945744813156,Male,13.332625001818425,10.397989311880181
34.23353662868017,Male,12.925182585707903,12.770288855579537
22.919640926629818,Female,8.548386542418807,5.691484648718709
18.203539546064704,Female,10.64487069532869,10.150157395820411
22.953274153461546,Female,14.388218806094745,-0.7619177230459009
30.543517902914537,Male,10.037668937720637,14.382278227514679
29.102410905986822,Male,11.071191475381225,2.1925338877907032
27.53637015553649,Male,12.924121786503793,17.517099142144996
25.333373447945768,Female,13.566781018565191,8.349399530167748
30.846477952228362,Male,11.496922227911009,8.941665090344115
26.910794955187637,Female,10.804979610616718,6.861330469577472
28.243549437948214,Male,14.844739723397016,8.559805630389619
19.164409598415727,Female,15.477799327595157,17.092656725740184
20.733568432166614,Female,13.95771610156359,-2.4390432826753976
31.032544832541785,Male,12.170636285130048,16.384826930440937
20.91532164506382,Male,10.383468556718148,11.690117405508541
21.843366544364507,Female,10.33911118688687,3.964891760713922
18.033305938363196,Female,13.045028210531514,4.623438034753811
25.143724114674086,Male,12.836796441777368,18.381965136041018
31.392259313036494,Male,14.80319718589286,5.272465600286344
20.955495340099517,Female,13.300900185072278,4.233247447020203
25.232182740780743,Male,8.993839396480364,15.686572711823647
13.200719295100404,Female,14.103895235445837,11.692764381429571
23.731267830136105,Female,10.003878745371175,5.310372117318006
28.227420905705376,Male,11.232057456095298,11.083124877023096
35.8162736165273,Male,12.500400412503389,4.871236581798613
23.461108825234994,Male,15.99133497956793,15.504106992113027
26.095751638319694,Male,18.219837112010723,15.306854824365669
26.246918418553776,Male,13.213446118272365,12.660030994109714
27.887266398817374,Female,11.633606762559225,11.808305306235082
19.523522338065238,Female,13.0690112969611,18.80594062433687
26.395107628851697,Male,13.775310851747673,9.998431636941126
28.039482548582697,Male,11.358664748885616,4.090629372895994
25.93304561578179,Male,15.590422711824644,12.247369564161534
17.767831927247357,Female,12.460141518382803,20.43023524768557
25.97044996449154,Male,12.995486178182789,4.92620253407074
30.36815874929886,Male,13.331848504108923,8.192686166530072
14.8674235029447,Female,12.843173221228911,12.082230190507264
20.66484837073438,Female,13.677881000939225,9.730475754971303
21.499395925304135,Male,10.765493626906153,5.0884820981134276
30.975233144624212,Male,10.88339649210794,15.609289281152353
17.384065476081126,Male,9.79969153405661,21.600203610086297
17.205390763642058,Female,12.879002461240454,10.980657295119537
26.886059375322603,Male,13.557873007024227,5.479658551319998
32.827620146171704,Male,12.915545732303771,2.2551973747326244
24.67124869463506,Male,15.348984866695075,11.289879906105904
17.22400236653401,Female,11.988807962341907,15.519386716581288
29.40578534720295,Female,13.337483311185025,12.375838732476907
17.75993049791878,Male,9.816598247721371,9.987980795405731
14.005970216899591,Male,11.225800595051197,7.053641741053469
22.20007225026666,Female,13.391075515131554,4.5391818364095515
17.489728878236946,Female,13.698204221486288,14.17375663162441
14.893835914346434,Female,11.412066104671636,14.568858106927928
23.541782236496765,Female,11.856801496283866,2.271351066546334
21.219003568855996,Female,8.964252506638381,17.94919489090342
17.179606846316357,Female,11.285941598386781,12.870356104470007
13.598478006645529,Female,13.780766327039572,16.997973225728966
24.362286641400722,Female,13.150410032213133,3.2893612575744244
23.251005889793305,Female,13.00133144276242,3.1708792229228058
24.504120681103085,Male,12.09954737436192,9.255153451163515
34.23318498023833,Male,12.014126317256354,12.51392213447597
19.649576168369236,Male,10.679357721053107,18.98180411463482
12.372374145376305,Female,13.39765684040507,13.530394569075657
21.540459650593778,Male,12.84194588877878,8.786593615939832
19.77206991822251,Female,12.984037695985599,4.868153961670539
21.21669724661346,Female,10.94793031466484,16.150002863595752
23.79381971071835,Male,7.693314160257511,5.176472871246426
21.760276982571483,Female,14.19430542350739,18.142342773861607
18.74230287904778,Male,11.042325087983192,8.578076751967453
32.2188230203663,Male,10.27444847191376,17.952910363089252
24.589244108037157,Male,13.386957823827988,13.394656450296392
25.586479157940637,Female,11.215974720161741,9.315022552787708
26.71362673188852,Male,14.119872768093243,7.403018140869367
22.283766095768918,Female,13.234011899153394,8.2954606132696
27.84883640116102,Male,13.367138646400955,12.141583461876188
27.238542800086574,Male,9.268088577598931,10.385782481088583
28.21361379933772,Male,14.423887970772801,7.030942959656475
26.645762650662157,Female,12.522501062467713,9.17184294841184
20.98260584850735,Female,11.261445721507593,10.392885148595749
23.54501878794256,Female,12.286776934684502,-0.64367047207406
24.551321528563868,Male,8.44752953420336,12.290840573943493
32.200586077247365,Male,12.817305622961342,5.101393876415966
16.61803848970365,Female,9.941256983635856,4.233337983971275
29.00470216455408,Female,9.294659428312931,1.5632782644464491
19.799210246778284,Female,8.955281627564219,1.0305375106605492
12.84612448940976,Female,14.225376749979851,3.2227624844385536
20.640522074553946,Female,10.741473212614423,6.454895211847548
16.594741712625595,Female,15.067455419833,19.76629568763284
29.203217744943622,Male,10.928397073895404,7.37060162052398
16.736880103488044,Female,8.585284084814106,10.888750531340158
22.769082833926102,Male,9.766951120102682,12.002406932531644
15.552296345272346,Male,14.471623240013876,10.655325931079243
17.738468403754617,Female,11.688203644126665,9.612782696370031
7.880603366855217,Female,10.903425407018798,4.023531182003777
17.080485882571384,Male,12.320036451705576,17.25463774139606
23.802073280721487,Female,13.00356547233509,19.035983218189426
23.92900079325416,Female,14.234797631804922,1.5867065293865714
27.127287808924823,Male,14.896998459785852,4.8798570455681025
20.165119284353935,Male,11.280462708421828,8.600948288114969
24.7614432192901,Male,9.347904627835923,5.177311025449043
19.981987304547157,Female,11.173069677753448,12.529827767279325
19.208176554037287,Male,12.520561013165771,6.358638987966935
27.51699150883575,Female,10.072482147578778,20.825280339033014
29.386811452878355,Male,10.085698170209914,15.952742971717981
23.89517913085168,Male,12.68757576309977,11.062870153161075
25.134429194972654,Male,11.902695296859097,15.13493131659866
21.04191403973776,Female,12.065593990823173,15.529502121786544
9.791325657878547,Female,10.483009330599861,7.180262559708783
23.764113087397014,Male,11.539198571588466,5.918913777290176
21.590078760011007,Male,10.151533711463392,10.390715314848237
19.991899950525422,Male,13.780396822249573,14.30818062248972
18.594498535570224,Female,14.070498669447506,10.695301993267089
33.988432634247616,Male,8.307624275523812,2.1150175890450136
23.20421430633505,Female,10.14097827961518,5.985877780245788
22.144105051086015,Male,9.006941489819841,9.63013568202811
27.862913906780793,Male,10.699952131186203,9.621671978370848
